Advanced Access Manager,0
Restricted Content,0
Users & Roles,0
Enhanced Security and More,0
GLPI,1
Metagauss RegistrationMagic,2
Custom Registration Forms,2
User Registration,2
Payment,2
User Login,2
WPCS - WordPress Currency Switcher Professional,3
GLPI,4
Infogram,5
OpenEXR library,6
Academy Software Foundation,6
Deep scanline data,6
WP Review Slider,7
SlickNav Mobile Menu,8
Icegram Icegram Engage,9
WordPress Lead Generation,9
Popup Builder,9
CTA,9
Optins,9
Email List Building,9
Crafatar,10
Minecraft,10
Docker container,10
discourse-group-membership-ip-block,11
Kerry James,12
WPdevelop,13
Oplugins WP Booking Calendar,13
Codeboxr Team CBX Bookmark & Favorite,14
eyoucms,15
Laravel Livewire,16
Easy Digital Downloads,17
Sell Digital Files,17
eCommerce Store & Payments Made Easy,17
IBM SOAR,18
QRadar Plugin App,18
Auto Amazon Links,19
Michael Uno,19
miunosoft,19
IBM PowerSC,20
Scribit Shortcodes Finder,21
Dell PowerScale OneFS,22
Easy Video Player,23
DELMIA,24
Apriso,24
Sewing Eurodrive MOVITOOLS MotionStudio,25
Travel Journal Using PHP and MySQL,26
WP Event Manager,27
WP User Profile Avatar,27
Advanced iFrame,28
Ideal Interactive Map,29
eyoucms,30
Keap Keap Official Opt-in Forms,31
Epiphyt Embed Privacy,32
Themify Icons,33
Helix Sync,34
Moby Docker Buildkit,35
gVectors Team Comments,36
wpDiscuz,36
Vyper,37
Ethereum Virtual Machine,37
Travel Journal Using PHP and MySQL,38
Product Code for WooCommerce,39
eyoucms,40
Schema & Structured Data for WP & AMP,41
Statamic,42
Bref AWS Lambda MultiPart requests,43
IBM SOAR QRadar Plugin App,44
JoomUnited,45
Live Composer,46
Page Builder,46
Live Composer Team Page Builder,46
Pixee Java Code Security Toolkit,47
ZipSecurity,47
oEmbed Gist,48
Everest Forms,49
Footer Putter,50
Russell Jamieson Footer Putter,50
Brave,51
CRM Perks Forms,52
WordPress Form Builder,52
IBM Operational Decision Manager,53
QNAP operating system,54
QTS,54
QuTS hero,54
QuTScloud,54
B&R Industrial Automation Automation Studio,55
ManageEngine ADAudit Plus,56
Photo Station,57
LedgerSMB,58
Vyper,59
Ethereum Virtual Machine,59
ABIv2,59
SourceCodester Testimonial Page Manager 1.0,60
add-testimonial.php,60
HTTP POST Request Handler,60
QNAP operating system,61
QTS,61
QuTS hero,61
QuTScloud,61
AntiSamy,62
Zoho ManageEngine ADAudit Plus,63
QNAP operating system,64
QTS,64
QuTS,64
QuTScloud,64
IBM PowerSC,65
open-irs,66
Miro Desktop,67
IBM Operational Decision Manager,68
IBM Tivoli Application Dependency Discovery Manager,69
QNAP operating system,70
QTS,70
QuTS hero,70
QuTScloud,70
CyberMath,71
IBM PowerSC,72
IBM X-Force,72
AVEVA Edge,73
IBM Storage Ceph,74
RGW,74
IBM Aspera Faspex,75
QNAP operating system,76
QTS,76
QuTS hero,76
QUTSclo,76
IBM PowerSC,77
QNAP operating system,78
QTS,78
QuTS hero,78
QuTScloud,78
QNAP operating system,79
QTS,79
QuTS hero,79
QuTScloud,79
HDD Health,80
XAMPP,81
Mailcow,82
HCL BigFix Platform,83
Web Reports,83
Solar,84
Solar-Log Base 15 Firmware,84
Solar-Log Base products,84
dash-core-components,85
dash,85
dash-html-components,85
CyberMath,86
QNAP operating system,87
QTS,87
QuTS hero,87
QuTScloud,87
QNAP operating system,88
QTS,88
QuTS hero,88
QuTScloud,88
IBM PowerSC,89
Photo Station,90
QNAP operating system,91
QTS,91
QuTS hero,91
QuTScloud,91
ManageEngine ADAudit Plus,92
IBM Maximo Asset Management,93
IBM X-Force,93
OpenHarmony,94
B&R Industrial Automation,95
Automation Studio,95
QNAP operating system,96
QTS,96
QuTS hero,96
QuTScloud,96
CyberMath,97
QNAP operating system,98
QTS,98
QuTS hero,98
QuTScloud,98
IBM Tivoli Application Dependency Discovery Manager,99
B&R Industrial Automation Automation Studio,100
B&R Industrial Automation NET/PVI,100
QTS,101
QuTS hero,101
QuTScloud,101
HCL BigFix Platform,102
Web Reports,102
National Keep Cyber Security Services,103
CyberMath,103
IBM PowerSC,104
IBM X-Force,104
Zoho ManageEngine ADAudit Plus,105
QNAP operating system,106
QTS,106
QuTS hero,106
QuTScloud,106
openBI,107
User.php,107
Phar Handler,107
SourceCodester CRUD,108
HCL BigFix Platform,109
Web Reports,109
Save Report,109
Logpoint SIEM,110
IBM Security Access Manager Container,111
IBM Security Verify Access Appliance,111
IBM Security Verify Access Docker,111
IBM Security Access Manager Container,112
IBM Security Verify Access Appliance,112
IBM Security Verify Access Docker,112
IBM Security Access Manager Container,113
IBM Security Verify Access Appliance,113
IBM Security Verify Access Docker,113
IBM Security Access Manager Container,114
IBM Security Verify Access Appliance,114
IBM Security Verify Access Docker,114
IBM Business Automation Workflow,115
mpedraza2020 Intranet del Monterroso,116
IBM PowerVM Hypervisor,117
Vyper,118
Linux kernel,119
sound/hda device driver,119
snd_hdac_regmap_sync(),119
Biteship: Plugin Ongkos Kirim Kurir Instant,120
Biteship: Plugin Ongkos Kirim Kurir Reguler,120
Biteship: Plugin Ongkos Kirim Kurir Kargo,120
Vintage,121
VAPIX API,121
AXIS OS,121
Arm Ltd Bifrost GPU Kernel Driver,122
Arm Ltd Valhall GPU Kernel Driver,122
Arm 5th Gen GPU Architecture Kernel Driver,122
Engrampa,123
MATE Environment,123
CPIOArchive Manager,123
Linux kernel,124
scsi device driver,124
lpfc_unregister_fcf_rescan(),124
PT Sign Ups,125
phpMyFAQ,126
Add Customer for WooCommerce,127
Dan's Embedder for Google Calendar,128
Arm Ltd Bifrost GPU Kernel Driver,129
Arm Ltd Valhall GPU Kernel Driver,129
Linux kernel,130
bluetooth device driver,130
Five Star Plugins,131
Five Star Restaurant Reviews,131
MightyThemes Mighty Addons for Elementor,132
python-multipart,133
Linux kernel,134
bluetooth device driver,134
CPIO utility,135
QiboSoft QiboCMS X1,136
Gradio,137
VAPIX API,138
tcptest.cgi,138
AXIS OS,138
WordPress plugin,139
B&R Industrial Automation,140
Automation Runtime,140
SDM modules,140
B&R Automation Runtime,141
System Diagnostics Manager,141
SVG,141
Advanced iFrame,142
Scroll Triggered Box,143
Linux kernel,144
Sharp NEC Displays,145
Fortinet FortiSIEM,146
Linux kernel,147
dvb-core,147
dvbdmx_write(),147
Linux kernel,148
exynos_drm_crtc_atomic_disable(),148
exynos device driver,148
Linux kernel,149
GeneratePress Premium,150
WordPress plugin,150
Linux kernel,151
xc4000 device driver,151
xc4000_get_frequency(),151
My Cloud OS 5,152
My Cloud Home,152
My Cloud Home Duo,152
SanDisk ibi,152
CalculatorPro Calculators,153
Aria Operations for Networks,154
Nessus application,155
Tp-Link ER7206 Omada Gigabit VPN Router,156
Satera LBP670C Series,157
Satera MF750C Series,157
Color imageCLASS LBP674C,157
Color imageCLASS X LBP1333C,157
Color imageCLASS MF750C Series,157
Color imageCLASS X MF1333C Series,157
i-SENSYS LBP673Cdw,157
i-SENSYS C1333P,157
i-SENSYS MF750C Series,157
i-SENSYS C1333i Series,157
Satera LBP670C Series,158
Satera MF750C Series,158
Color imageCLASS LBP674C,158
Color imageCLASS X LBP1333C,158
Color imageCLASS MF750C Series,158
Color imageCLASS X MF1333C Series,158
i-SENSYS LBP673Cdw,158
i-SENSYS C1333P,158
i-SENSYS MF750C Series,158
i-SENSYS C1333i Series,158
Tongda OA 2017,159
IBM UrbanCode Deploy,160
IBM DevOps Deploy,160
Jspxcms,161
Tp-Link ER7206 Omada Gigabit VPN Router,162
Sepidz DigitalMenu,163
Aria Operations for Networks,164
Westermo Lynx 206-F2G,165
Westermo Lynx 206-F2G,166
Tp-Link ER7206 Omada Gigabit VPN Router,167
OAuth2 Client,168
Satera LBP670C Series,169
Satera MF750C Series,169
Color imageCLASS LBP674C,169
Color imageCLASS X LBP1333C,169
Color imageCLASS MF750C Series,169
Color imageCLASS X MF1333C Series,169
i-SENSYS LBP673Cdw,169
C1333P,169
i-SENSYS MF750C Series,169
C1333i Series,169
Beijing Baichuo Smart S40 Management Platform,170
Satera MF750C Series,171
Color imageCLASS MF750C Series,171
Color imageCLASS X MF1333C,171
i-SENSYS MF754Cdw/C1333iF,171
Juanpao JPShop,172
ClearML platform,173
Apache Software Foundation Apache Sling Servlets Resolver,174
pyLoad,175
Allegro AI's ClearML platform,176
Jspxcms,177
Tuleap Community Edition,178
scan DB,179
ClearML,180
Allegro AI,180
ClearML platform,180
None,181
Westermo Lynx,182
Beijing Baichuo Smart S20 Management Platform,183
Tp-Link ER7206 Omada Gigabit VPN Router,184
Tp-Link ER7206 Omada Gigabit VPN Router,185
SolarWinds Platform,186
Tp-Link ER7206 Omada Gigabit VPN Router,187
CodeAstro University Management System,188
Satera LBP670C Series,189
Satera MF750C Series,189
Color imageCLASS LBP674C,189
Color imageCLASS X LBP1333C,189
Color imageCLASS MF750C Series,189
Color imageCLASS X MF1333C Series,189
i-SENSYS LBP673Cdw,189
C1333P,189
i-SENSYS MF750C Series,189
C1333i Series,189
Tongda OA 2017,190
ClearML,191
fileserver component,191
Westermo Lynx 206-F2G,192
libgit2,193
Satera LBP670C Series,194
Satera MF750C Series,194
Color imageCLASS LBP674C,194
Color imageCLASS X LBP1333C,194
Color imageCLASS MF750C Series,194
Color imageCLASS X MF1333C Series,194
i-SENSYS LBP673Cdw,194
i-SENSYS C1333P,194
i-SENSYS MF750C Series,194
i-SENSYS C1333i Series,194
SolarWinds Platform,195
IBM PowerVM Hypervisor,196
DUP framework,197
Dell Display Manager,198
Allegro AI's ClearML platform,199
Juanpao JPShop,200
Satera LBP670C Series,201
Satera MF750C Series,201
Color imageCLASS LBP674C,201
Color imageCLASS X LBP1333C,201
Color imageCLASS MF750C Series,201
Color imageCLASS X MF1333C Series,201
i-SENSYS LBP673Cdw,201
i-SENSYS C1333P,201
i-SENSYS MF750C Series,201
i-SENSYS C1333i Series,201
Tp-Link ER7206 Omada Gigabit VPN Router,202
Juanpao JPShop,203
Juanpao JPShop,204
MaterialController,204
Juanpao JPShop,205
Tp-Link ER7206 Omada Gigabit VPN Router,206
Westermo Lynx,207
Westermo Lynx,208
WordPress plugin,209
Elementor Timeline,209
Vertical & Horizontal Timeline,209
Novel-Plus,210
Axigen,211
Frappe,212
HID iCLASS SE reader,213
CKEditor4,214
SuperWebMailer,215
Leanote,216
CKEditor4,217
Liferay Portal,218
Liferay DXP,218
PrestaShop,219
RM bookingcalendar,219
LGSitemaps,220
PrestaShop,220
Podlove Subscribe button plugin,221
Graylog,222
HiPresta,223
Gift Wrapping Pro,223
PrestaShop,223
WiX toolset,224
Windows Installer,224
DLL redirection,224
IBM SAN Volume Controller,225
IBM Storwize,225
IBM FlashSystem,225
Apache Ozone,226
Jsish,227
Jsish,228
IterGetKeysCallback,228
IBM Security Verify Access,229
Atmail,230
Jsish,231
Espruino 2v20,232
Cisco Expressway Series,233
Cisco TelePresence Video Communication Server (VCS),233
Cisco Expressway-C,233
Cisco Expressway-E,233
Starbox plugin for WordPress,234
Suite CRM,235
WP RSS Aggregator,236
WordPress Plugin,236
Cisco Expressway Series,237
Cisco TelePresence Video Communication Server,237
Cisco Expressway Series,238
Cisco TelePresence Video Communication Server (VCS),238
Cisco Expressway-C,238
Cisco Expressway-E,238
CodeAstro Restaurant POS System,239
WP-CFM,240
APM Server,241
Elasticsearch,241
CodeAstro Restaurant POS System,242
Google Pixel,243
Espruino 2v20,244
libuv,245
IBM Security Verify Access,246
CodeAstro University Management System,247
SQLAlchemyDA,248
Vyper Ethereum Virtual Machine,249
All-In-One Security (AIOS),250
SourceCodester Product Management System,251
ClamAV,252
PowerPack Addons for Elementor,253
Free Widgets Extensions and Templates,253
WordPress,253
Mail2World v12 Business Control Center,254
Blocksy,255
Linux kernel,256
Memory Management subsystem,256
WP Booking Calendar plugin,257
Daily Habit Tracker,258
Atos Unify OpenScape Voice Trace Manager,259
Apache bRPC,260
Employee Management System,261
Software Publico e-Sic Livre,262
Novel-Plus,263
jshERP,264
Axigen,265
ZenTao Community Edition,266
ZenTao Biz,266
ZenTao Max,266
Supabase PostgreSQL,267
Supabase dashboard,267
Novel-Plus,268
Axigen WebMail,269
Novel-Plus,270
Node.js,271
Snow Software Inventory Agent on MacOS,272
Snow Software Inventory Agent on Windows,272
Snow Software Inventory Agent on Linux,272
Novel-Plus,273
Royal Elementor Addons and Templates,274
WordPress plugin,274
Royal Elementor Addons,274
Dlink,275
Novel-Plus,276
Snow Software Inventory Agent,277
Snow Update Packages,277
Novel-Plus,278
WordPress plugin,279
Paystack,279
Atos Unify OpenScape Xpressions WebAssistant,280
Pichome,281
Employee Management System,282
Akaunting,283
Web Page Generation,284
Portugal CTT Tracking ,284
WooCommerce,284
Binance Trust Wallet app,285
trezor-crypto,285
Acowebs Product Labels,286
Sale Badges,286
WooCommerce,286
SonicWall SonicOS SSL-VPN,287
NCR Terminal Handler,288
Daily Habit Tracker,289
xxl-job,290
Paessler PRTG Network Monitor,291
Audrasjb GDPR Data Request Form,292
Cotonti CMS,293
BEAR - Bulk Editor,294
Products Manager Professional,294
WooCommerce by Pluginus.Net,294
Atos Unify OpenScape Voice Trace Manager,295
Atos Unify OpenScape Voice Trace Manager,296
Wonder Slider Lite,297
WikiDiscover,298
PrestaShop,299
Op'art Easy Redirect,299
Employee Management System,300
N-able PassPortal,301
Chrome,301
Dell EMC AppSync,302
October CMS,303
Novel-Plus,304
Novel-Plus,305
Atos Unify OpenScape Xpressions WebAssistant,306
Code-projects Hotel Management System,307
Graph page,308
KiTTY,309
Bento4,310
Code-projects Simple School Management System,311
Hugin,312
Apache Solr,313 
ConfigSets API,313
LocalFileSystemRepository,313
imlib2,314
IBM i Access Client Solutions,315
ACS,315
NTLM hash disclosure,315
Code-projects Simple School Management System,316
IBM Sterling B2B Integrator,317
IBM Engineering Lifecycle Optimization,318
IBM X-Force ID,318
imlib2,319
Code-projects Hotel Management System,320
Envoy,321
Oduyo Financial Technology Online Collection,322
Mattermost,323
Emerson Rosemount,324
Code-projects Hotel Management System,325
icingaweb2-module-incubator,326
KiTTY,327
ManageWiki,328
InnovaDeluxe,329
PrestaShop,329
Code-projects Cinema Seat Reservation System,330
Emerson Rosemount,331
MISP,332
Bento4,333
Hugin,334
Icinga Director,335
Boostmyshop,336
boostmyshopagent,336
Prestashop,336
Code-projects Simple School Management System,337
Fortinet FortiOS,338
FortiProxy,338
Sentry,339
Phabricator integration,339
Hugin,340
Code-projects Simple School Management System,341
PrestaShop,342
Multi Accessories Pro,342
HsMultiAccessoriesPro,342
Concrete CMS,343
Image URL Import Feature,343
PHPEMS,344
Envoy,345
Grav,346
Envoy,347
Code-projects Simple School Management System,348
IBM Integration Bus for z/OS,349
WordPress plugin,350
Internal Link Juicer,350
SEO Auto Linker,350
Mattermost,352
Code-projects Simple School Management System,353
Code-projects Simple School Managment System,354
Code-projects Simple School Management System,355
Emerson Rosemount,356
KiTTY,357
Bento4,358
Code-projects Hotel Management System,359
Sourcecodester Event Student Attendance System,360
Bento4,361
Concrete CMS,362
DIRAC,363
EasyEmail,364
Concrete CMS,365
GiveWP,366
WooCommerce,367
realmag777 Active Products Tables for WooCommerce,367
MW WP Form,368
WordPress plugin,369
Auto Listings - Car Listings & Car Dealership,369
Crowdsignal Dashboard,370
If-So Plugin,371
If-So Dynamic Content Personalization,371
ClickToTweet.Com,372
Click To Tweet,372
Calculators World CC BMI Calculator,373
Premium Addons for Elementor,374
The Awesome Support - WordPress HelpDesk & Support Plugin,375
Howard Ehrenberg Custom Post Carousels,376
Custom Post Carousels with Owl,376
WordPress plugin,377
Start Booking Scheduling,377
Online Booking,377
IBM Semeru Runtime,378
IBM X-Force,378
MyAgilePrivacy,379
Pay with Vipps,380
WooCommerce,380
WordPress,381
Heateor Social Login,381
Ultra Companion,382
WPoperation Themes,382
Beds24 Online Booking,383
WordPress Owl Carousel Slider,384
IBM Storage Defender - Resiliency Service,385
IBM X-Force,385
Dell BSAFE SSL-J,386
flusity-CMS,387
flusity-CMS,388
flusity-CMS,389
DeepFaceLab,390
Glewlwyd SSO server,391
KDE Plasma Workspace,392
Theme File Handler,392
Ghost,393
SVG profile picture,393
Gambio,394
Nicdark Restaurant Reservations,395
Dell Unity,396
svc_supportassist,396
Dell Unity,397
Dell Unity,398
Dell Unity,399
Dell Unity,400
Dell Unity,401
Sensei LMS,402
Geek Code Lab,403
KD Coming Soon,404
Arunas Liuiza Content Cards,405
OpenRefine,406
Before After Image Slider WP,407
WordPress,408
OTWthemes.Com Buttons Shortcode,408
OTWthemes.Com Widget,408
WP Contact Form,409
IBM CICS TX Standard,410
IBM CICS TX Advanced,410
IBM X-Force ID,410
VK Poster Group,411
WpEvently,412
WordPress Plugin,412
Event Manager and Tickets Selling Plugin for WooCommerce,412
Dell Unity,413
Dell Unity,414
None,415
WordPress UnitedThemes Brooklyn,416
Creative Multi-Purpose Responsive WordPress Theme,416
chartjs WordPress plugin,417
Dell Unity,418
svc_supportassist,418
Exiv2,419
QuickTimeVideo,419
NikonTagsDecoder,419
OpenSC packages,420
Chartify - WordPress Chart Plugin,421
WP Swings Coupon Referral Program,422
Yannick Lefebvre Link Library,423
Gambio,424
Moodle LMS,425
IBM Robotic Process Automation,426
IBM X-Force,426
Dell Unity,427
Honeypot for WP Comment,428
Dell Unity,429
PropertyHive,430
WordPress Photos and Files Contest Gallery,431
Dell Unity,432
ProductX,433
WooCommerce Builder,433
Gutenberg WooCommerce Blocks,433
Dell Unity,434
Gambio,435
Gambio,436
Dell Unity,437
WpSimpleTools,438
Basic Log Viewer,438
Dell Unity,439
ChartJS WordPress plugin,440
G5Theme ERE Recently Viewed,441
Essential Real Estate Add-On,441
Gambio,442
Dell Unity,443
WordPress UnitedThemes Brooklyn,444
Creative Multi-Purpose Responsive WordPress Theme,444
IBM CICS TX Standard,445
IBM CICS TX Advanced,445
SAP ABA,446
Parasolid,447
GitHub Enterprise Server,448
mapshaper,449
SAP Cloud Connector,450
Simcenter Femap,451
Parasolid,452
Twister Antivirus,453
GitHub Enterprise Server,454
Dell PowerProtect Data Manager,455
Vba32 Antivirus,456
TYPO3,457
GitHub Enterprise Server,458
OpenShift,459
QNAP operating system,460
QTS,460
QuTS hero,460
QuTScloud,460
Twister Antivirus,461
OpenPCS,462
SIMATIC BATCH,462
SIMATIC PCS,462
SIMATIC Route Control,462
SIMATIC WinCC Runtime Professional,462
SIMATIC WinCC,462
SAP CRM WebClient UI,463
S4FND,463
WEBCUIF,463
QNAP operating system,464
QTS,464
QuTS,464
Simcenter Femap,465
TYPO3,466
Simcenter Femap,467
Ivanti Connect Secure,468
Ivanti Policy Secure,468
ZTA gateways,468
Tecnomatix Plant Simulation,469
affected devices,470
GitHub Enterprise Server,471
Simcenter Femap,472
Tecnomatix Plant Simulation,473
Vba32 Antivirus,474
SAP NetWeaver AS for Java,475
Tecnomatix Plant Simulation,476
Tecnomatix Plant Simulation,477
TYPO3,478
SINEC NMS,479
GitHub Enterprise Server,480
Location Intelligence Perpetual,481
Location Intelligence SUS Large,481
Trellix Central Management,482
SAP NetWeaver Application Server,483
SINEC NMS,484
SAP CRM WebClient UI,485
Tecnomatix Plant Simulation,486
GitHub Enterprise Server,487
Simcenter Femap,488
GitHub Enterprise Server,489
Tecnomatix Plant Simulation,490
Tecnomatix Plant Simulation,491
Honeywell Niagara Framework,492
Niagara AX,492
sidekiq-unique-jobs,493
Twister Antivirus,494
Dell PowerProtect Data Manager,495
SAP NetWeaver AS Java,496
Tecnomatix Plant Simulation,497
VLAN,498
SAP IDES ECC-systems,499
Tecnomatix Plant Simulation,500
WRL files,500
TYPO3,501
SINEC NMS,502
Tecnomatix Plant Simulation,503
Polarion ALM,504
SAP Companion,505
BIG-IP Configuration utility,506
Employee Managment System,507
Dell SupportAssist for Home PCs,508
Dell SupportAssist for Business PCs,508
Windows System,508
EcoStruxure Control Expert,509
Task Manager App,510
Task Manager App,511
Dell Secure Connect Gateway Application,512
Secure Connect Gateway Appliance,512
Redaxo,513
Contiki-NG,514
RPL-Lite,514
Dell Secure Connect Gateway Application,515
Secure Connect Gateway Appliance,515
UNI-PA University Marketing & Computer Internet Trade Inc. University Information System,516
Mastodon,517
ActivityPub,517
Digdag,518
digdag workload automation system,518
Apache Superset,519
Barangay Population Monitoring System,520
Barangay Population Monitoring System,521
Contiki-NG,522
Employee Managment System,523
Task Manager App,524
Task Manager App,525
Employee Management System,526
Contiki-NG,527
Task Manager App,528
NFC Communication,529
Employee Managment System,530
Employee Managment System,531
Substance3D,532
Substance3D,533
Acrobat Reader,534
SolarWinds Access Rights Manager (ARM),535
SoliPay Mobile App,536
Acrobat Reader,537
Acrobat Reader,538
EBM Technologies Uniweb,539
SoliPACS WebServer,539
Substance3D,540
SolarWinds Access Rights Manager (ARM),541
Adobe FrameMaker Publishing Server,542
Adobe Commerce,543
EBM Technologies RISWEB,544
Substance3D,545
Adobe Commerce,546
Acrobat Reader,547
Acrobat Reader,548
Acrobat Reader,549
Fortinet FortiOS,550
FortiLink,550
FortiSwitch,550
Acrobat Reader,551
Fortinet FortiOS,552
FortiProxy,552
FortiPAM,552
FortiSwitchManager,552
Fortinet FortiNAC,553
Dell Networking Switches,554
Enterprise SONiC,554
Substance3D,555
DELL ESI SAP LAMA,556
SolarWinds Access Rights Manager (ARM),557
SoliPay Mobile App,558
Substance3D,559
Acrobat Reader,560
Acrobat Reader,561
SolarWinds Access Rights Manager,562
HGiga OAKlouds,563
EC-WEB FS-EZViewer,564
Adobe Commerce,565
Helm,566
Adobe Commerce,567
Adobe Commerce,568
SolarWinds Access Rights Manager (ARM),569
Substance3D,570
Substance3D,571
Substance3D,572
Acrobat Reader,573
HGiga OAKlouds,574
Acrobat Reader,575
POSTAHSİL Online Payment System,576
Acrobat Reader,577
Dell OS10 Networking Switches,578
ECshop,579
Fortinet FortiManager,580
FortiAnalyzer,580
FortiAnalyzer-BigData,580
Alf.io,581
Undici,582
Dell RecoverPoint for Virtual Machines,583
Alf.io,584
Undici,585
Apache Xerces C++ XML parser,586
IBM QRadar Suite,587
IBM Cloud Pak for Security,587
IBM QRadar Suite,588
IBM Cloud Pak for Security,588
IBM X-Force ID,588
IBM QRadar Suite,589
IBM Cloud Pak for Security,589
IBM X-Force ID,589
Trusteer iOS SDK,590
Trusteer Android SDK,590
IBM Storage Scale Container Native Storage Access,591
IBM X-Force ID,591
IBM QRadar Suite,592
IBM Cloud Pak for Security,592
IBM X-Force ID,592
Yocto Project,593
Bitbake,593
Apache Camel,594
Misskey,595
Apache Camel,596
CassandraQL Component,596
AggregationRepository,596
LaborOfficeFree,597
eProsima Fast DDS,598
PrestaShop,599
Undertow,600
Mastodon,601
Pimcore Admin Classic Bundle,602
Torrentpier,603
Apache DolphinScheduler,604
Apache DolphinScheduler,605
Zyxel ATP series,606
USG FLEX series,606
Enhancesoft osTicket,607
The Biosig Project,608
libbiosig,608
OpenOlat LMS,609
Zyxel ATP series,610
USG FLEX series,610
USG FLEX 50(W) series,610
USG20(W)-VPN series,610
USG FLEX H series,610
libdicom,611
Pyhtml2pdf,612
Biosig Project libbiosig,613
Master Branch,613
Decidim,614
libdicom,615
DICOM File Meta Information,615
Totolink X6000R,616
OpenOlat LMS,617
Loomio,618
OS Command Injection,618
ProjeQtOr 11.0.2,619
None,620
Suite CRM,621
Apache DolphinScheduler,622
The Biosig Project,623
libbiosig,623
libbiosig,624
Zyxel ATP series firmware,625
USG FLEX series firmware,625
USG FLEX 50(W) series firmware,625
USG20(W)-VPN series firmware,625
Mongo Hook,626
Weston Embedded uC-TCP-IP,627
PHP-MYSQL-User-Login-System 1.0,628
PMB,629
LIVEBOX Collaboration,630
vDesk,630
ZhongBangKeJi CRMEB,631
FG PrestaShop,632
WooCommerce,632
FG Drupal,632
FG Joomla,632
PMB,633
GitLab CE,634
GitLab EE,634
AutoCAD,635
IBM InfoSphere Information Server,636
ZKTeco ZKBio Access IVS,637
Department Name Search Bar,637
Querybook,638
PHP-MYSQL-User-Login-System,639
PMB Services PMB,640
TinyMCE,641
TinyMCE Advanced Professsional Formats and Styles,641
Admin Menu Editor,642
Autodesk AutoCAD,643
GitLab,644
SoniNow Team Debug,645
PMB,646
PowerPack Addons for Elementor,647
PowerPack Pro for Elementor,647
Mondula GmbH Multi Step Form,648
Mark Stockton Quicksand Post Filter jQuery Plugin,649
PMB,650
GitLab,651
Themify Builder,652
GitLab EE,653
PHP-MYSQL-User-Login-System,654
GitLab CE/EE,655
GARO WALLBOX GLB+,656
ConnectWise ScreenConnect,657
ITFlow.org,658
Fortinet FortiOS,659
FortiProxy,659
FortiPAM,659
van_der_Schaar LAB AutoPrognosis,660
Apache Answer,661
Apache Answer,662
baserCMS,663
WordPress User Feedback,664
TemmokuMVC,665
Fortinet FortiOS,666
FortiProxy,666
Bdtask Bhojon Best Restaurant Management Software,667
Code-Projects Library System,668
Totolink X6000R AX3000,669
Limbas,670
All In One Favicon,671
code-projects Library System,672
MLflow,673
Jupyter Notebook,673
Dataset Table Fields,673
Apache DolphinScheduler,674
MLflow,675
ONNX,676
SourceCodester Employee Management System,677
SourceCodester Complete File Management System,678
Login Form,678
Sitepact,679
SourceCodester Complete File Management System,680
Demososo DM Enterprise Website Building System,681
Code-Projects Library System,682
code-projects Library System,683
Crime Reporting System,684
Crime Reporting System,685
CodeAstro Simple Voting System,686
Pexels: Free Stock Photos,687
Ember ZNet SDK,688
Contact Form 7 plugin for WordPress,689
SourceCodester Simple Student Attendance System,690
CodeAstro House Rental Management System,691
PHPGurukul Tourism Management System,692
code-projects Library System,693
CodeAstro Membership Management System,694
IBM Aspera Console,695
IBM X-Force,695
SMA100 SSL-VPN virtual office portal,696
MFA mobile application,696
IBM Cognos Analytics,697
IBM X-Force,697
Nagios XI 2024R1.01,698
AnythingLLM,699
GGUF library,700
llama.cpp,700
GGUF library,701
llama.cpp,701
IBM Cognos Analytics,702
SourceCodester Employee Management System,703
AnythingLLM,704
JoomUnited WP Media folder,705
GGUF library,706
llama.cpp,706
Icons Font Loader,707
SMA Cluster Controller,708
Niushop B2B2C ,709
None,710
WooCommerce Coupon Popup,711
SmartBar,711
Slide In | MyShopKit,711
GGUF library,712
llama.cpp,712
SourceCodester Complaint Management System,713
LangChain,714
WordPress MoveTo,715
IBM Cognos Analytics,716
SourceCodester Employee Management System,717
Niushop B2B2C,718
WooCommerce Easy Checkout Field Editor Fees & Discounts,719
IBM Cognos Analytics,720
SourceCodester Employee Management System,721
MIME4J library,722
MIME4J DOM,722
MIME messages,722
CodeAstro Membership Management System,723
Apache Ambari,724
Oozie Workflow Scheduler,724
AnythingLLM,725
None,726
freescout-helpdesk,727
freescout,727
Acronis Cyber Protect 16,728
SourceCodester Online Job Portal,729
osuuu LightPicture,730
Bonitasoft,731
Acronis Cyber Protect 16,732
Apache Aurora,733
SourceCodester Free and Open Source Inventory Management System,734
AnythingLLM,735
SourceCodester Simple Student Attendance System,736
SourceCodester Online Job Portal,737
Acronis Cyber Protect 16,738
Dynamic Lab Management System Project,739
Apache Ambari,740
AnythingLLM,741
Apache James,742
Apache James,743
Ctcms,744
Beijing Baichuo Smart S42 Management Platform,745
Acronis Cyber Protect 16,746
CodeAstro Membership Management System,747
Ecwid Ecommerce,748
Ecwid Ecommerce Shopping Cart,748
Projectworlds Visitor Management System,749
Easy PayPal & Stripe Buy Now Button,750
Haivision's Aviwest Manager,751
Aviwest Steamhub,751
IBM Security Guardium Key Lifecycle Manager,752
Malware Scanner,753
miniorange Malware Scanner,753
MailerLite,754
WooCommerce,754
Atahualpa,755
Advanced Flamingo,756
Apache Superset,757
Atakan Au 1,758
Rack,759
IBM InfoSphere Information Server,760
IBM X-Force ID,760
IBM Security Guardium Key Lifecycle Manager,761
Smartypants SP Project & Document Manager,762
Page Editing Area,763
WordPress postMash,764
WordPress  MoveTo,765
CodeAstro Membership Management System,766
WordPress Duplicator,767
WordPress Migration & Backup Plugin,767
Page Restrict,768
Dell ECS,769
Apache Superset,770
Apache OFBiz,771
Netentsec NS-ASG Application Security Gateway,772
Nuggethon Custom Order Statuses for WooCommerce,773
Media Alt Renamer,774
Recipes,775
IBM Security Guardium Key Lifecycle Manager,776
Thrive Themes,777
Thrive Automator,777
SourceCodester Web-Based Student Clearance System,778
Acrobat Reader,779
W3speedster,780
Adobe InDesign,781
E-Commerce Website,782
PB oEmbed HTML5 Audio – with Cache Support,783
Melapress WP Activity Log,784
WordPress Adsmonetizer,785
Adobe InDesign,786
Change Table Prefix,787
Cockpit CMS,788
HT Mega - Absolute Addons For Elementor,789
WordPress Ebook Store,790
Netentsec NS-ASG Application Security Gateway,791
Mollie Payments for WooCommerce,792
Adobe InDesign,793
code-projects E-Commerce Website 1.0,794
Native Grid LLC,795
SourceCodester Online Learning System,796
Code-Projects Library Management System,797
Adobe InDesign,798
GD Rating System,799
CleanTalk,800
GS Plugins Logo Slider,801
Heureka Group,802
Session,803
Tainacan,804
PJ News Ticker,805
Adobe InDesign,806
AI Power: Complete AI Pack,807
MyWaze,808
Library Management System 2.0,809
Delta Electronics CNCSoft-B,810
Surya2Developer Online Shopping System,811
Adobe InDesign,812
code-projects E-Commerce Website,813
SourceCodester Web-Based Student Clearance System,814
